true,2022-04-04T00:00:00.000Z
true,2022-05-04T00:00:00.000Z
true,2022-04-06T00:00:00.000Z
false,2022-05-07T00:00:00.000Z
true,2022-04-12T00:00:00.000Z
false,2022-05-10T00:00:00.000Z
false,2022-04-19T00:00:00.000Z
true,2022-04-27T00:00:00.000Z
true,2022-04-12T00:00:00.000Z
true,2022-04-13T00:00:00.000Z
true,2022-04-14T00:00:00.000Z
true,2022-04-14T00:00:00.000Z
true,2022-04-15T00:00:00.000Z
false,2022-04-15T00:00:00.000Z
false,2022-04-16T00:00:00.000Z
true,2022-04-17T00:00:00.000Z
true,2022-05-18T00:00:00.000Z
